id,url,title,subtitle,content,datetime,topic
2060529143,https://ria.ru/20251208/kurgan-2060529143.html,Экс-главу округа на Урале выпустили из СИЗО,РИА Новости: экс-главу Половинского района Хачатуряна выпустили из СИЗО,"ЧЕЛЯБИНСК, 8 дек – РИА Новости. Курганский областной суд изменил меру пресечения с содержания под стражей на домашний арест бывшему главе Половинского муниципального округа Армэну Хачатуряну, обвиняемому в мошенничестве и участии в преступном сообществе, сообщили РИА Новости в пресс-службе облсуда. Как сообщало региональное СУСК РФ, с 2021 по 2024 годы преступной группой, в состав которой входил обвиняемый, были незаконно получены бюджетные денежные средства в виде субсидий за фактически невыполненные культуртехнические работы на земельных участках. Денежными средствами они распорядились по своему усмотрению. В результате бюджету РФ причинен ущерб в размере более 12 миллионов рублей. В апреле фигурант был задержан, ему предъявлено обвинение, судом по ходатайству следственных органов ему была избрана мера пресечения в виде заключения под стражу. Прокурор попросил дать экс-главе Ростовского облсуда 20 лет колонии5 декабря, 16:45


Поделиться

""Решением Курганского областного суда мера пресечения Хачатуряну в виде содержания под стражей заменена на домашний арест"", - сказал собеседник агентства. 











Он уточнил, что находиться под домашним арестом обвиняемый будет до 19 декабря. Ранее отмечалось, что в отношении него было возбуждено уголовное дело по статьям об участии в преступном сообществе и мошенничестве. Источник РИА Новости в правоохранительных органах пояснял, что обвиняемый – Армэн Хачатурян, 1981 года рождения, бывший глава Половинского муниципального округа Курганской области.Экс-глава подмосковного Долгопрудного ушел на СВО5 декабря, 06:30


Поделиться

",12:04 08.12.2025,incidents
2060529020,https://ria.ru/20251208/pozhar-2060529020.html,В Тверской области локализовали пожар на складе,"Пожар на складе в Тверской области локализован на 1,1 тыс квадратных метров","МОСКВА, 8 дек - РИА Новости. Пожар в здании склада в Тверской области удалось локализовать на площади порядка 1,1 тысячи квадратных метров рассказали РИА Новости в пресс-службе МЧС России. ""В настоящее время пожар локализован на 1100 квадратных метрах"", - говорится в сообщении.В Кашире потушили пожар в здании администрации11:33


Поделиться

",12:04 08.12.2025,incidents
2060528826,https://ria.ru/20251208/figuranty-2060528826.html,Троих фигурантов дела Бентли лишили воинских званий,РИА Новости: троих фигурантов дела об убийстве Бентли лишили воинских званий,"ДОНЕЦК, 8 дек - РИА Новости. Троих осужденных по делу о гибели корреспондента Sputnik Рассела Бентли лишили воинских званий по решению суда, передает корреспондент РИА Новости из зала суда. ""Вансяцкого признать виновным в совершении преступления с дополнительным наказанием в виде лишения воинского звания майор… Иорданова - дополнительное наказание в виде лишения воинского звания старший лейтенант... Владиславу Агальцеву дополнительное наказание в виде лишения звания младший сержант"", - заявил судья. ""Здесь тяжело, но я продолжу работать"". Каким запомнился Рассел Бентли20 июня, 15:11


Поделиться

Суд в Донецке в понедельник приговорил на сроки до 12 лет лишения свободы фигурантов дела об убийстве Бентли. Как сообщил Южный окружной военный суд, назначено наказание: Вансяцкому - 12 лет колонии строгого режима, Иорданову - 12 лет колонии строгого режима, Агальцеву - 11 лет колонии строгого режима, Бажину - 1 год 6 месяцев лишения свободы в колонии-поселении. 











В апреле 2024 года главный редактор медиагруппы ""Россия сегодня"" Маргарита Симоньян сообщила, что 64-летний корреспондент Sputnik с позывным ""Техас"" (данным по его техасскому происхождению) погиб в Донецке. Гендиректор медиагруппы ""Россия сегодня"" (в которую входит Sputnik) Дмитрий Киселев заявил, что убийство Бентли должно быть расследовано, а виновные – наказаны. Бентли присоединился к ополчению ДНР в 2014 году. Он говорил, что поехал в Донбасс, потому что восхищался мужеством и стойкостью местного населения. Во время военных действий проявлял искреннее сострадание к нуждающимся, он собирал средства и передавал гуманитарную помощь пожилым людям, женщинам и детям Донбасса. Бентли неоднократно высказывался в поддержку российской специальной военной операции на Украине, был удостоен наград ДНР. Он рассматривал российскую спецоперацию как начало окончания агрессивной войны киевского режима против Донбасса. В 2022 году он говорил, что Россия спасла буквально сотни тысяч человеческих жизней, придя на помощь Донбассу. В сентябре 2024 года СК РФ завершил расследование уголовного дела об убийстве Бентли. Как сообщили РИА Новости в пресс-службе Следственного комитета, СК РФ установил ""все лица, причастные к гибели"" Бентли, и обстоятельства совершенных преступлений. Фигурантами дела стали четверо российских военных Виталий Вансяцкий, Владислав Агальцев, Владимир Бажин и Андрей Иорданов. По данным следствия, 8 апреля в Донецке Вансяцкий, Агальцев и Иорданов ""применили к нему физическое насилие и пытки, повлекшие его смерть"". В тот же день Вансяцкий и Агальцев подорвали тротиловой шашкой автомобиль ВАЗ-2115 с телом Бентли. Девятого апреля по указанию Вансяцкого военнослужащий той же войсковой части Бажин ""совершил укрывательство особо тяжкого преступления, переместив останки Бентли с места происшествия"".Суд вынес приговоры убийцам корреспондента Sputnik Бентли11:13


Поделиться

",12:03 08.12.2025,incidents
2060527475,https://ria.ru/20251208/vdova-2060527475.html,Вдова журналиста Sputnik Бентли получит компенсацию,РИА Новости: вдова журналиста Sputnik Бентли получит пять миллионов рублей,"ДОНЕЦК, 8 дек - РИА Новости. Вдова корреспондента Sputnik Рассела Бентли получит компенсацию по делу своего мужа в размере пяти миллионов рублей, передает корреспондент РИА Новости из зала суда. ""Гражданский иск Людмилы Бентли ""О компенсации морального ущерба"" на сумму пять миллионов рублей удовлетворен"", - сказал судья. Суд вынес приговоры убийцам корреспондента Sputnik Бентли11:13


Поделиться

В апреле 2024 года главный редактор медиагруппы ""Россия сегодня"" Маргарита Симоньян сообщила, что 64-летний корреспондент Sputnik с позывным ""Техас"" (данным по его техасскому происхождению) погиб в Донецке. Гендиректор медиагруппы ""Россия сегодня"" (в которую входит Sputnik) Дмитрий Киселев заявил, что убийство Бентли должно быть расследовано, а виновные – наказаны. 











Бентли присоединился к ополчению ДНР в 2014 году. Он говорил, что поехал в Донбасс, потому что восхищался мужеством и стойкостью местного населения. Во время военных действий проявлял искреннее сострадание к нуждающимся, он собирал средства и передавал гуманитарную помощь пожилым людям, женщинам и детям Донбасса. Бентли неоднократно высказывался в поддержку российской специальной военной операции на Украине, был удостоен наград ДНР. Он рассматривал российскую спецоперацию как начало окончания агрессивной войны киевского режима против Донбасса. В 2022 году он говорил, что Россия спасла буквально сотни тысяч человеческих жизней, придя на помощь Донбассу. В сентябре 2024 года СК РФ завершил расследование уголовного дела об убийстве Бентли. Как сообщили РИА Новости в пресс-службе Следственного комитета, СК РФ установил ""все лица, причастные к гибели"" Бентли, и обстоятельства совершенных преступлений. Фигурантами дела стали четверо российских военных Виталий Вансяцкий, Владислав Агальцев, Владимир Бажин и Андрей Иорданов. По данным следствия, 8 апреля в Донецке Вансяцкий, Агальцев и Иорданов ""применили к нему физическое насилие и пытки, повлекшие его смерть"". В тот же день Вансяцкий и Агальцев подорвали тротиловой шашкой автомобиль ВАЗ-2115 с телом Бентли. Девятого апреля по указанию Вансяцкого военнослужащий той же войсковой части Бажин ""совершил укрывательство особо тяжкого преступления, переместив останки Бентли с места происшествия"".""Я приехал сюда, чтобы сражаться"". История Рассела Бентли20 сентября 2024, 11:29


Поделиться

",11:59 08.12.2025,incidents
2060525807,https://ria.ru/20251208/saratov-2060525807.html,В Москве будут искать блогершу после ее видео с ребенком в вакуумном пакете,РИА Новости: в Москве ищут блогершу Сапарину после ее видео с ребенком в пакете,"САРАТОВ, 8 дек — РИА Новости. Полицейские не нашли в Саратове блогершу Анну Сапарину, запечатавшую ребенка в вакуумном пакете, рассказал РИА Новости источник в правоохранительных органах. ""Она на постоянной основе проживает в городе Москва <…> Она зарегистрирована здесь, здесь мать проживает"", — сказал собеседник агентства.По его словам, мать Сапариной подтвердила, что на видео ее внук, и добавила, что дочь живет в Москве уже три или четыре года.





Внимание полиции привлекло видео, которое Сапарина опубликовала в Instagram* на прошлой неделе. На записи она пылесосом откачивает воздух из большого вакуумного пакета для вещей, в котором сидит ее сын. Когда остается мало воздуха, он кричит: ""Мама!"" Подпись под видео гласит: ""Когда шла третья неделя на больничном"". 





Полицейские проводят проверку.* Деятельность Meta (соцсети Facebook и Instagram) запрещена в России как экстремистская.Блогершу Люциферовну осудили за жестокое обращение с дочерью21 ноября, 10:30


Поделиться

",11:51 08.12.2025,incidents
2060525358,https://ria.ru/20251208/sostojanie-2060525358.html,"Врачи рассказали о состоянии девочки из Уфы, выброшенной отцом из окна",Состояние выброшенной отцом из окна девочки из Уфы стабилизировалось,"МОСКВА, 8 дек - РИА Новости. Состояние девочки из Уфы, выброшенной отцом из окна, оценивается как стабильное с выраженной положительной динамикой, в январе ей проведут операцию по устранению дефекта черепа, сообщили в Российской детской клинической больнице (РДКБ) Минздрава России. В Уфе 9 октября в доме на улице Ульяновых ребенка с четвертого этажа сбросил вниз 34-летний отец, ранее наблюдавшийся у психиатра. Трехлетняя девочка в крайне тяжелом состоянии была госпитализирована, ее прооперировали, мужчину задержали. Возбуждено уголовное дело о покушении на убийство. Позже Минздрав сообщил, что девочка была доставлена в Российскую детскую клиническую больницу (РДКБ) Минздрава России. В Саратове проверяют блогера после видео с ребенком в вакуумном пакетеВчера, 22:18


Поделиться

""Сейчас состояние девочки оценивается как стабильное с выраженной положительной динамикой. При поступлении у ребенка наблюдалось нарушение функций конечностей, а спустя полтора месяца у нее почти полностью вернулся прежний объем движений. Восстановилась походка - девочка ходит с мамой за руку на значительные расстояния, а без поддержки может уверенно пройти несколько шагов"", - сообщила врач-невролог нейрохирургического отделения РДКБ Ирина Рассказчикова, чьи слова приводятся в Telegram-канале больницы. 











Специалист также отметила восстановление речи и активности: ребенок изъясняется практически так же, как и до травмы, идет на контакт, самостоятельно играет, улыбается. ""Программа восстановления девочки разработана мультидисциплинарной командой и включает комплекс реабилитационных мероприятий: механотерапию, кинезиотерапию по методу Войта, занятия на платформе Галилео, лечебную физкультуру, работу с психологом и логопедом"", - пояснили в медучреждении. Там добавили, что следующим этапом лечения станет хирургическое вмешательство по устранению дефекта черепа, которое проведут нейрохирурги РДКБ в январе. ""Сейчас малышка готовится к выписке, чтобы отметить Новый год дома в кругу семьи - с мамой и старшим братом"", - добавили в медучреждении.В Москве отец ударил четырехмесячного ребенка27 ноября, 20:01


Поделиться

",11:49 08.12.2025,incidents
2060520611,https://ria.ru/20251208/kashira-2060520611.html,В Кашире потушили пожар в здании администрации,"В Кашире потушили пожар в здании администрации, пострадавших нет","МОСКВА, 8 дек - РИА Новости. Пожар в здании администрации в подмосковной Кашире удалось полностью ликвидировать, люди не пострадали, рассказал РИА Новости представитель экстренных служб. ""В 10.27 объявлена ликвидация открытого горения. В 10.40 - полная ликвидация последствий пожара"", - сказал собеседник агентства. Он отметил, что, предварительно, пострадавших в результате пожара нет.В Красноярске вспыхнул пожар в гаражном боксеВчера, 20:08


Поделиться

",11:33 08.12.2025,incidents
2060519775,https://ria.ru/20251208/bpl-2060519775.html,Житель Запорожской области получил ранения при атаке БПЛА,Житель Васильевки ранен при атаке БПЛА ВСУ,"СИМФЕРОПОЛЬ, 8 дек - РИА Новости. Житель запорожской Васильевки ранен при атаке ВСУ по частному сектору города, ему оказывают помощь, сообщил губернатор Запорожской области Евгений Балицкий. ""Мужчина 1981 года рождения получил осколочные ранения головы в результате атаки БПЛА противника по частному сектору Васильевки"", - написал Балицкий в своем Telegram-канале. По его словам, пострадавший доставлен в больницу, ему оказывается вся необходимая помощь. 





""Состояние оценивается как стабильное"", - подчеркнул губернатор.Интерактивная карта спецоперации Вооруженных сил России на Украине 22 июня 2022, 17:18


Поделиться

",11:26 08.12.2025,incidents
2060518981,https://ria.ru/20251208/kashira-2060518981.html,Из горящего здания администрации в Кашире эвакуировали более 400 человек,Из горящего здания администрации в Кашире эвакуировали 412 человек,"МОСКВА, 8 дек - РИА Новости. Свыше 410 человек эвакуировали из горящего здания администрации в подмосковной Кашире, рассказал РИА Новости представитель экстренных служб. ""По предварительной информации, из-за возгорания в здании администрации эвакуировано 412 человек"", - сказал собеседник агентства. По его словам, пострадавших в результате пожара нет. Борьбу с огнем ведут 24 человека и семь единиц техники.В Уссурийске при пожаре в жилом доме пострадали трое детейВчера, 05:57


Поделиться

",11:23 08.12.2025,incidents
2060518097,https://ria.ru/20251208/kashira-2060518097.html,В подмосковной Кашире загорелось здание администрации,В подмосковной Кашире загорелось здание администрации на 30 квадратах,"МОСКВА, 8 дек - РИА Новости. Пожар возник в здании администрации подмосковной Каширы, возгорание удалось локализовать на площади порядка 30 квадратных метров, рассказал РИА Новости представитель экстренных служб. ""Происходит горение на 3-м этаже в здании администрации подмосковной Каширы"", - сказал собеседник агентства. По его словам, в 10.20 мск пожар локализовали на площади 30 квадратных метров.В Вологде один человек погиб и семеро пострадали при пожаре 6 декабря, 23:26


Поделиться

",11:21 08.12.2025,incidents
2060516244,https://ria.ru/20251208/sud-2060516244.html,Суд вынес приговоры убийцам корреспондента Sputnik Бентли,Суд вынес приговор фигурантам дела об убийстве журналиста Sputnik Рассела,"РОСТОВ-НА-ДОНУ, 8 дек — РИ Новости. Суд в Донецке вынес приговоры фигурантам дела об убийстве корреспондента Sputnik Рассела Бентли.""Виновным назначено наказание: (Виталию. — Прим. ред.) Вансяцкому — 12 лет колонии строгого режима, (Андрею. — Прим. ред.) Иорданову — 12 лет колонии строгого режима, (Владиславу. — Прим. ред.) Агальцеву — 11 лет колонии строгого режима, ( Владимиру. — Прим. ред.) Бажину — один год шесть месяцев лишения свободы в колонии-поселении"", — говорится в заявлении Южного окружного военного суда. Позывной — Техас. История американца, всем сердцем полюбившего Донбасс20 июня, 08:00


Поделиться

В апреле 2024-го главный редактор медиагруппы ""Россия сегодня"" и телеканала RT Маргарита Симоньян сообщила, что американец с российским гражданством Рассел Бентли с позывным Техас погиб в Донецке.











В сентябре того же года СК завершил расследование этого уголовного дела. По данным следствия, преступление произошло 8 апреля. Иорданов, Вансяцкий и Агальцев применили к Бентли физическое насилие и пытали, что и привело к его смерти. Двое последних поместили тело в автомобиль ВАЗ-2115, который подорвали тротиловой шашкой. На следующий день по указанию Вансяцкого военнослужащий той же войсковой части Бажин ""совершил укрывательство особо тяжкого преступления, переместив останки Бентли с места происшествия"". Бентли присоединился к ополчению ДНР в 2014 году. Он говорил, что поехал в Донбасс, потому что восхищался мужеством и стойкостью местного населения. Во время военных действий проявлял искреннее сострадание к нуждающимся, он собирал средства и передавал гуманитарную помощь пожилым людям, женщинам и детям Донбасса. Он неоднократно высказывался в поддержку российской специальной военной операции на Украине, был удостоен наград ДНР. Он рассматривал российскую спецоперацию как начало окончания агрессивной войны киевского режима против Донбасса. В 2022 году он говорил, что Россия спасла буквально сотни тысяч человеческих жизней, придя на помощь Донбассу. ""Здесь тяжело, но я продолжу работать"". Каким запомнился Рассел Бентли20 июня, 15:11


Поделиться

",11:13 08.12.2025,incidents
2060516101,https://ria.ru/20251208/volgograd-2060516101.html,При атаке дронов ВСУ на Волгоград повреждены три дома,В Волгограде три многоквартирных дома получили повреждения при атаке БПЛА ,"МОСКВА, 8 дек - РИА Новости. Три многоквартирных жилых дома получили повреждения, по уточненным данным, в результате ночной атаки беспилотников ВСУ на Волгоград, рассказал РИА Новости представитель экстренных служб. Ранее губернатор Волгоградской области Андрей Бочаров сообщал, что обломки БПЛА упали в районе двух домов в Трактрозаводском районе Волгограда. По предварительным данным, пострадавших нет. На место ЧП были направлены пожарные и медики. ПВР для жителей поврежденных домов, по информации мэрии, был организован в близлежащей школе. Сейчас там никого нет. ""В результате инцидента с участием БПЛА в Волгограде повреждены три многоквартирных дома"", - сказал собеседник агентства.Интерактивная карта спецоперации Вооруженных сил России на Украине 22 июня 2022, 17:18


Поделиться

",11:12 08.12.2025,incidents
2060515642,https://ria.ru/20251208/dolina-2060515642.html,"Лурье не сомневалась во вменяемости Долиной при сделке, рассказала адвокат",Адвокат: Лурье не сомневалась во вменяемости Долиной при покупке квартиры,"МОСКВА, 8 дек - РИА Новости. Покупательница квартиры Ларисы Долиной Полина Лурье не сомневалась во вменяемости певицы, так как считала, что она как преподаватель ежегодно проходит психиатрическое освидетельствование, рассказала РИА Новости адвокат Лурье Светлана Свириденко. В конце марта 2025 года Хамовнический суд Москвы удовлетворил исковые требования Долиной к Лурье об оспаривании сделки по продаже принадлежащей Долиной квартиры. Певица заявила, что оказалась жертвой мошенников и согласилась на сделку, поскольку была введена в заблуждение. Суд прекратил право собственности Лурье на спорное имущество и признал его за Долиной. Суды апелляционной и кассационной инстанций согласились с решением оставить квартиру Долиной. Адвокат Лурье обратилась в Верховный суд России. Долина ни разу не извинилась перед Лурье, заявила адвокатВчера, 07:00


Поделиться

Долина указывала в иске, что Лурье ""не проявила даже минимальный уровень разумной осмотрительности и осторожности, проигнорировала все сопутствующие сделке обстоятельства, очевидно свидетельствующие об искажении воли истца"". 











""Эта позиция истца не нашла своего подтверждения в решении суда. У нас не было сомнений во вменяемости Долиной"", - сказала Свириденко. Она добавила, что Долина ведет педагогическую деятельность и ""должна ежегодно проходить психиатрическое освидетельствование"".Стали известны новые детали по делу Долиной09:31


Поделиться

",11:09 08.12.2025,incidents
2060511429,https://ria.ru/20251208/sudya-2060511429.html,ВККС разрешила возбудить дело на бывшую ростовскую судью,РИА Новости: ВККС разрешила возбудить дело на бывшую ростовскую судью Коблеву,"МОСКВА, 8 дек - РИА Новости. Высшая квалификационная коллегия судей РФ (ВККС) разрешила возбудить против председателя Советского суда Ростова-на-Дону в отставке Елены Коблевой дело по 13 эпизодам, передает корреспондент РИА Новости.Как утверждается в оглашенных на заседании документах, Коблева возглавила организованную группу судей своего суда, которые за взятки выносили решения в пользу взяткодателей. Часть полученных денег они передавали ей. Бывшего председателя суда Ростова-на-Дону планируют обвинить в восьми эпизодах получения крупных взяток, одной особо крупной, вынесении заведомо неправосудного решения и трех эпизодах воспрепятствования правосудию.Экс-начальник отдела Ростехнадзора в Кузбассе получил срок за взятки10:27


Поделиться

""Удовлетворить представления председателя Следственного комитета Российской Федерации о даче согласия на возбуждение уголовного дела в отношении судьи, председателя Советского районного суда Ростова-на-Дону в отставке Коблевой Елены Георгиевны"", - огласил решение председатель коллегии Николай Тимошин.











Ожидается, что в понедельник ВККС рассмотрит вопрос о даче согласия на возбуждение дел против еще четырех судей, с которыми работала Коблева.В материалах суда говорится, что судьи получали взятки в размере от 50 до 500 тысяч рублей.Так, за 50 тысяч рублей один из судей по делу об административному правонарушению назначил наказание в виде предупреждения за невыполнение правил поведения при чрезвычайной ситуации или ее угрозе. За 100 тысяч - ограничился штрафом за выезд на встречную полосу, хотя такое правонарушение грозит лишением прав. За 500 тысяч рублей судья назначил условный срок обвиняемому в краже рецидивисту. При этом 200 тысяч из этой суммы получила Коблева, отметили в суде.Также Коблева получила 2 миллиона рублей за помощь в назначении мировым судьей.





Среди эпизодов воспрепятствования правосудию докладчик назвал указание Коблевой по просьбе главы администрации района назначить наказание в виде предупреждения несмотря на то, что каждый судья независим и должен руководствоваться только внутренним убеждением.






Сама Коблева в заседании не участвовала, ее адвокат просил отклонить представление. По его словам, признаков организованной преступной группы в деле нет, судья действовала в рамках закона и полномочий, которые позволяют ей обсуждать с судьями их дела и распределять служебную нагрузку. Причиной уголовного преследования адвокат бывшей судьи назвал межведомственные конфликты.Следствие намерено возбудить дела против двух судей из Ростова-на-Дону3 декабря, 18:18


Поделиться

",10:51 08.12.2025,incidents
2060508339,https://ria.ru/20251208/burjatija-2060508339.html,"В Бурятии водителя, сбившего двух дорожников, отправили в СИЗО","В Бурятии водителя, пьяным сбившего двух дорожников, отправили в СИЗО","УЛАН-УДЭ, 8 дек - РИА Новости. Суд отправил в СИЗО до 4 февраля 2026 года водителя, который пьяным сбил двух рабочих дорожной службы, один из дорожников погиб, другой попал в больницу, сообщила прокуратура республики. Ранее надзорное ведомство сообщало, что 4 декабря в Заиграевском районе Бурятии пьяный 24-летний водитель Toyota Camry сбил двух рабочих дорожной службы. В результате аварии один из работников погиб на месте, второй был госпитализирован. Было возбуждено уголовное дело о ДТП, повлекшем по неосторожности смерть человека, совершенном лицом в состоянии опьянения и не имеющим или лишенным права управления транспортным средством. ""С учетом позиции надзорного ведомства суд избрал меру пресечения в виде заключения под стражу. Обвиняемый будет находиться в СИЗО до 4 февраля 2026 года"", - говорится в сообщении.В Алтайском крае поезд столкнулся с автомобилем09:33


Поделиться

",10:33 08.12.2025,incidents
2060507498,https://ria.ru/20251208/sankt-peterburg-2060507498.html,Жителей Петербурга предупредили о возможных перебоях интернета,Жителей Петербурга предупредили о перебоях интернета из-за угрозы БПЛА,"С.-ПЕТЕРБУРГ, 8 дек – РИА Новости. Комитет по информатизации и связи Санкт-Петербурга предупредил о возможных перебоях в работе интернета на фоне ранее объявляемой воздушной опасности. ""Сегодня утром на территории Санкт-Петербурга была объявлена угроза БПЛА, в связи с чем возможны перебои в работе мобильного интернета. На данный момент опасность, по информации РСЧС МЧС, уже отменена, однако перебои с интернетом могут еще некоторое время сохраняться"", – говорится в Telegram-канале ведомства. Ранее в понедельник губернатор Ленинградской области Александр Дрозденко сообщал в своем Telegram-канале об отбое воздушной опасности в регионе. По его информации, силами ПВО несколько БПЛА уничтожено в Лужском районе. По предварительным данным, пострадавших и разрушений нет.Силы ПВО сбили несколько БПЛА в Ленинградской области06:11


Поделиться

",10:29 08.12.2025,incidents
2060506748,https://ria.ru/20251208/novokuznetsk-2060506748.html,Экс-начальник отдела Ростехнадзора в Кузбассе получил срок за взятки,Экс-глава отдела Ростехнадзора в Новокузнецке получил 8 лет за взятки,"КЕМЕРОВО, 8 дек – РИА Новости. Бывший начальник отдела Ростехнадзора в Новокузнецке получил 8 лет строгого режима за взятки, сообщают пресс-службы СУСК и прокуратуры Кемеровской области. ""Судом установлено, что… с июня 2018 года по октябрь 2021 года осужденный, в чьи должностные полномочия входила организация работы по проверке угледобывающих предприятий на соответствие их деятельности требованиям законодательства, получил от руководителя коммерческой организации, действующего в интересах нескольких угольных шахт, взятку за общее попустительство по службе в отношении представляемого взяткодателем холдинга"", – сообщили в пресс-службе прокуратуры области. В Подмосковье экс-чиновник получил восемь лет за взятку за утилизацию снега2 декабря, 16:48


Поделиться

Как в свою очередь уточнили в пресс-службе СУСК по региону, взятка была в виде имущественных услуг, регулярного предоставления в пользование автомобиля Toyota Land Cruiser 100 с водителем и топливной картой общей стоимостью свыше 4,4 миллиона рублей. 











""В обмен на незаконное вознаграждение осужденный, вопреки интересам службы, попустительствовал подконтрольным угольным шахтам, умышленно не принимал мер по выявленным нарушениям правил промышленной безопасности, создавая тем самым реальные угрозы безопасности производственного процесса"", – подчеркнули в пресс-службе СУСК по Кемеровской области. В ведомствах отметили, что преступная деятельность выявлена и пресечена в результате совместной работы сотрудников СК, Главного управления МВД и УФСБ по региону. ""Судом виновному назначено наказание в виде 8 лет лишения свободы с отбыванием в исправительной колонии строгого режима. Он взят под стражу в зале суда. Также суд постановил взыскать с осужденного в доход государства сумму, эквивалентную стоимости взятки (4 422 733 рубля), и лишил его права занимать определенные должности на срок 3 года"", – уточнили в СУСК по Кузбассу. Ведомства не называют имени фигуранта, но информированный источник сообщил РИА Новости, что речь идет об Игоре Чернове. 





В прокуратуре отметили, что в отношении взяткодателя ранее судом был также вынесен обвинительный приговор.Главу Сакского района в Крыму задержали с поличным при получении взятки28 ноября, 14:21


Поделиться

",10:27 08.12.2025,incidents
2060505205,https://ria.ru/20251208/priamurja-2060505205.html,В Приамурье с двух организаторов азартных игр взыскали 45 миллионов рублей,В Благовещенске с двух организаторов азартных игр взыскали 45 млн рублей,"БЛАГОВЕЩЕНСК, 8 дек – РИА Новости. Суд в Приамурье взыскал 45 миллионов рублей с двух организаторов азартных игр в интернете, сообщает Генпрокуратура РФ. Проверка прокуратуры установила, что на территории Благовещенска двое граждан незаконно организовали и проводили азартные игры. Судом они были признаны виновными в совершении преступления, предусмотренного частью 3 статьи 171.2 УК РФ (незаконные организация и проведение азартных игр с использованием сети интернет, совершенные организованной группой, сопряженные с извлечением дохода в особо крупном размере). ""В результате совершения преступления злоумышленниками извлечен незаконный доход в размере свыше 45 миллионов рублей. Прокуратура области предъявила к осужденным иск о взыскании в пользу Российской Федерации незаконно полученного дохода. Суд требования прокуратуры области удовлетворил в полном объеме"", - говорится в сообщении. 





Фактическое исполнение решения суда контролируется прокуратурой.Начальника отдела полиции задержали в Тобольске за крышевание казино7 ноября, 16:48


Поделиться

",10:18 08.12.2025,incidents
2060503090,https://ria.ru/20251208/prokuratura-2060503090.html,Прокуратура потребовала уволить заммэра Читы Зудилова,Прокуратура потребовала уволить заммэра Читы Зудилова в связи с утратой доверия,"ВЛАДИВОСТОК, 8 дек - РИА Новости. Прокуратура подала исковые заявления в суд об увольнении заместителя мэра Читы Александра Зудилова после того, как были выявлены неподтвержденные доходы чиновника, а также их взыскания, сообщил РИА Новости старший помощник прокурора региона Евгений Синельников.«""Исковое заявление об увольнении (заместителя мэра Читы Александра Зудилова - ред.) подано в связи с утратой доверия в связи с несоблюдением требований, установленных законодательством о противодействии коррупции"", - сказал собеседник агентства.Он уточнил, что чиновник не смог подтвердить доходы на сумму около 22 миллионов рублей.





По словам Синельникова, исковое заявление по взысканию неподтвержденных доходов подано в Ингодинский районный суд Читы, а по увольнению - в Центральный районный суд Читы.





Как позже уточнили агентству в надзорном ведомстве региона, суд взыскал с вице-мэра Читы в пользу государства почти 22 миллиона рублей доходов, полученных в 2021 и 2022 годах, легальность которых чиновник не смог подтвердить.Зудилов возглавляет комитет градостроительной политики администрации Читы Забайкальского края.В Севастополе арестовали чиновника, подозреваемого в получении взятки5 декабря, 09:10


Поделиться

",10:04 08.12.2025,incidents
2060499919,https://ria.ru/20251208/agent-2060499919.html,В Ростовской области задержали украинского агента после поджога,В Ростовской области задержали агента Киева после поджога термошкафа вышки,"МОСКВА, 8 дек - РИА Новости. ФСБ задержала агента украинских спецслужб, совершившего поджог термошкафа вышки сотовой связи в Ростовской области, сообщила пресс-служба ведомства. «""Федеральной службой безопасности Российской Федерации на территории Ростовской области пресечена противоправная деятельность агента украинских спецслужб, 2004 года рождения., подозреваемого в совершении государственной измены"", - говорится в сообщении. По данным ФСБ, в ходе оперативно-разыскных мероприятий установлено, что злоумышленник, посредством мессенджера Telegram установил контакт с сотрудником службы безопасности Украины, после чего дал добровольное согласие на конфиденциальное сотрудничество и оказание содействия СБУ в осуществлении деятельности, направленной против безопасности Российской Федерации. 





""По заданию куратора он за денежное вознаграждение совершил поджог термошкафа вышки сотовой связи"", - добавили в ведомстве.ФСБ задержала агента Киева, передававшего данные о ПВО в Крыму10 сентября, 11:49


Поделиться

",09:49 08.12.2025,incidents
2060499683,https://ria.ru/20251208/vsu-2060499683.html,ВСУ атаковали Белгородскую область около 70 беспилотниками за сутки,ВСУ атаковали Белгородскую область 71 беспилотником за сутки,"БЕЛГОРОД, 8 дек - РИА Новости. Украинские военные за прошедшие сутки атаковали 10 округов Белгородской области около 70 беспилотниками, сообщает глава Вячеслав Гладков. По информации губернатора, за минувшие сутки 30 населенных пунктов попали под удар со стороны Украины. Было выпущено 10 снарядов и зафиксированы атаки 71 беспилотником, из них 43 были сбиты и подавлены над регионом. За отчетный период различные повреждения выявлены в двух частных домовладениях, объекте инфраструктуры, коммерческом объекте, предприятии и 8 транспортных средствах. В белгородском селе украинский дрон атаковал мужчину на велосипеде07:53


Поделиться

""В Борисовском округе посёлок Борисовка и село Берёзовка подверглись атакам 2 беспилотников. В посёлке Борисовка в результате детонации дрона на территории коммерческого объекта ранен мужчина… В Грайворонском округе по сёлам Безымено, Глотово, Головчино, Гора-Подол, Новостроевка-Вторая, Пороз и хутору Масычево выпущено 3 боеприпаса и нанесены удары 13 беспилотников, 6 из которых подавлены и сбиты... Сегодня утром в селе Гора-Подол FPV-дрон целенаправленно атаковал мужчину, который передвигался на велосипеде"", - написал Гладков в своем Telegram-канале. 











Он добавил, что Белгородский и Волоконовский округа атакованы 9 беспилотниками, 5 из которых сбиты и подавлены, над Валуйским округом подавлены 3 беспилотника. По данным главы области, по Краснояружскому и Шебекинскому округам выпущено 7 боеприпасов и совершены атаки 41 БПЛА, 26 из которых подавлены и сбиты, над Вейделевским, Корочанским и Ровеньским округами сбиты по одному беспилотнику. На всей территории Белгородской области с 11 апреля 2022 года установлен высокий (желтый) уровень террористической опасности. Необходимость введения режима вызвана обострением ситуации на украинско-российской границе и повышением активности украинских военных в приграничных районах. Протяженность украинской границы с Белгородской областью составляет 350 километров. С 9 августа 2024 года в области введен режим контртеррористической операции, с 15 августа обстановка в регионе признана чрезвычайной ситуацией федерального характера.Интерактивная карта спецоперации Вооруженных сил России на Украине 22 июня 2022, 17:18


Поделиться

",09:46 08.12.2025,incidents
2060497879,https://ria.ru/20251208/poezd-2060497879.html,В Алтайском крае поезд столкнулся с автомобилем,В Алтайском крае два человека погибли при столкновении поезда и автомобиля,"БАРНАУЛ, 8 дек - РИА Новости. Два человека погибли из-за столкновения грузового поезда и автомобиля в Алтайском крае, сообщили в транспортной полиции Сибири.""Два человека погибли в результате столкновения грузового поезда и автомобиля в Алтайском крае. Сегодня утром на железнодорожном переезде у станции Луговское в Алтайском крае грузовой поезд столкнулся с легковым автомобилем Honda Fit. Находившиеся в машине 74-летний водитель и 72-летняя пассажирка от полученных травм скончались"", - говорится в сообщении.Отмечается, что на место направлены сотрудники Алтайского линейного управления МВД России и ГУ МВД России по Алтайскому краю. Барнаульской транспортной прокуратурой организованы надзорные мероприятия на предмет исполнения законодательства о безопасности движения на железнодорожном транспорте.В Саратовской области ребенок и два взрослых погибли в ДТПВчера, 22:37


Поделиться

",09:33 08.12.2025,incidents
2060496011,https://ria.ru/20251208/angarsk-2060496011.html,В Ангарске развернули ПВР из-за аварии на ТЭЦ,В Ангарске развернули ПВР на шесть тысяч человек из-за аварии на ТЭЦ,"КРАСНОЯРСК, 8 дек - РИА Новости. Пункты временного размещения на 6 тысяч человек развернуты в Ангарске (Иркутская область) в связи с аварией на ТЭЦ-9, из-за которой подача тепла ограничена в 1,5 тысячах многоквартирных домов и 121 социально значимом объекте, сообщает мэрия. «""Мы готовы к тому, что из-за понижения температур у нас могут возникнуть сложности в социальных учреждениях и в жилых домах. Развернуты пункты временного размещения на 6 тысяч человек... Все службы работают в режиме повышенной готовности"", - говорится в сообщении.Аварийная ситуация на ТЭЦ-9 в Ангарске стала причиной понижения температуры более чем в 1,5 тысячи жилых домах, а также в социальных объектах. В городе введен режим чрезвычайной ситуации. По информации Байкальской энергетической компании, ситуация стабилизируется в среду, 10 декабря, к 15.00 (10.00 мск). 





Прокуратура Иркутской области начала проверку после аварийной ситуации на ТЭЦ-9. 





Сейчас в Ангарске температура воздуха, по данным Гидрометцентра РФ, минус 12 градусов. Через сутки синоптики прогнозируют похолодание до минус 32 градусов.В Ангарске вводят резервный котел на ТЭЦ-9 в ходе ликвидации аварииВчера, 21:13


Поделиться

",09:19 08.12.2025,incidents
2060490098,https://ria.ru/20251208/tets-9-2060490098.html,В Ангарском округе ввели режим ЧС из-за аварии на ТЭЦ,В Ангарском округе ввели режим ЧС из-за аварии на ТЭЦ-9,"КРАСНОЯРСК, 8 дек — РИА Новости. В Ангарском округе ввели режим чрезвычайной ситуации после аварии на ТЭЦ-9, оставившей без тепла тысячи человек, сообщила местная мэрия.""Подача тепла ограничена в 1546 многоквартирных домах, в которых проживают более 167 тысяч человек, и 121 социально значимом объекте"", — говорится в заявлении.Устранением аварии на ТЭЦ-9 в Ангарске круглосуточно занимаются 50 человекВчера, 19:38


Поделиться

Шесть школ в округе отправили на дистанционное обучение, еще в двух — на удаленке только младшие классы. 











""В пяти дошкольных учреждениях и детсаду при школе № 40 температура опустилась ниже 17 градусов, поэтому детей временно перевели в другие детсады"", — уточнили в администрации.В ночь на понедельник энергетики растопили пятый котлоагрегат, идет набор нагрузки. В ближайшие два часа он выйдет на полную мощность. Также завершается ремонт шестого котла.Как заявили в Байкальской энергетической компании, ситуация стабилизируется 10 декабря, к 15:00.Авария на ТЭЦ-9 произошла накануне. По данным Гидрометцентра, сейчас в Ангарске 16 градусов ниже ноля. Через сутки синоптики прогнозируют похолодание до минус 32.В Якутске восстановили теплоснабжение после аварии с мусоровозом1 декабря, 16:26


Поделиться

",08:18 08.12.2025,incidents
2060488250,https://ria.ru/20251208/dron-2060488250.html,В белгородском селе украинский дрон атаковал мужчину на велосипеде,В белгородском селе Гора-Подол украинский дрон атаковал мужчину на велосипеде,"МОСКВА, 8 дек - РИА Новости. Мирный житель ранен в Грайворонском округе Белгородской области в результате атаки ВСУ, сообщает губернатор Вячеслав Гладков.""FPV-дрон целенаправленно атаковал мужчину, который передвигался на велосипеде в селе Гора-Подол Грайворонского округа. Пострадавшего со множественными осколочными ранениями бойцы самообороны доставили в Грайворонскую ЦРБ"", - написал Гладков в своём канале на платформе Max.Губернатор добавил, что в отделении реанимации пострадавшему оказывают всю необходимую помощь.Интерактивная карта спецоперации Вооруженных сил России на Украине 22 июня 2022, 17:18


Поделиться

",07:53 08.12.2025,incidents
2060484779,https://ria.ru/20251208/zemletryasenie-2060484779.html,Здание Северо-Курильской больницы повреждено при землетрясении,В здании Северо-Курильской больницы при землетрясении прорвало трубу отопления,"МОСКВА, 8 дек - РИА Новости. Здание Северо-Курильской центральной районной больницы повреждено при землетрясении, прорвало трубу отопления, сообщает Сахалинская прокуратура. Ранее начальник сейсмостанции ""Южно-Сахалинск"" Елена Семенова сообщала РИА Новости, что землетрясение магнитудой 5,2 зарегистрировано в понедельник в Тихом океане вблизи побережья северных Курил. ""В Северо-Курильске произошло землетрясение. Из-за подземных толчков произошёл прорыв отопительной трубы в здании Северо-Курильской центральной районной больницы"", - говорится в сообщении в Telegram-канале.""Камчатка поехала к Америке"": ученые предупредили об ""эффекте домино""25 августа, 19:03


Поделиться

",07:09 08.12.2025,incidents
2060483243,https://ria.ru/20251208/kamchatka-2060483243.html,Следователи проверяют обстоятельства ампутации руки пекарю на Камчатке,Следователи проверяют обстоятельства травматической ампутации руки пекарю,"П.-КАМЧАТСКИЙ, 8 дек – РИА Новости. Следственный комитет на Камчатке проводит процессуальную проверку по факту тяжелой производственной травмы, полученной работником пекарни, которому в результате несчастного случая ампутировало руку, сообщает СУСК России по Камчатскому краю. ""Следственным отделом по городу Елизово СУСК России по Камчатскому краю организована процессуальная проверка обстоятельств травмирования 34-летнего мужчины при производстве работ"", - проинформировало ведомство в Telegram-канале Причиной травмирования людей под Тулой стала производственная авария6 июня, 09:32


Поделиться

Как уточняется в релизе, предварительно, пекарь одной из пекарен города Елизово в ходе работ по изготовлению хлебобулочных изделий в результате неосторожного обращения с тестораскаточной машиной ""получил телесные повреждения в виде травматической ампутации правой верхней конечности в районе предплечья"". 











""По итогам доследственной проверки органом следствия будет принято решение в соответствии с требованиями уголовно-процессуального законодательства"", - отмечается в сообщении.В Москве возбудили дело после ампутации рук постоялице соццентра10 ноября, 22:44


Поделиться

",06:29 08.12.2025,incidents
2060480347,https://ria.ru/20251208/kamchatka-2060480347.html,У берегов Камчатки в Тихом океане произошел ощутимый афтершок,"У берегов Камчатки зафиксировали афтершок магнитудой 6,0","П.-КАМЧАТСКИЙ, 8 дек — РИА Новости. У юго-восточного побережья Камчатки в Тихом океане произошел ощутимый афтершок, сообщает Главное управление МЧС России по региону.""По данным Камчатского филиала геофизической службы РАН, днём 8 декабря в акватории Тихого океана зарегистрирован ощущаемый афтершок произошедшего 30 июля сейсмособытия"", — рассказали спасатели.""Камчатка поехала к Америке"": ученые предупредили об ""эффекте домино""25 августа, 19:03


Поделиться

Как уточняется, землетрясение произошло в точке с координатами 51.304° северной широты, 159.738° восточной долготы, на глубине 15 километров.«""Магнитуда сейсмособытия составила 6,0. Эпицентр землетрясения находился в акватории Тихого океана, в 211 километрах юго-восточнее Петропавловск-Камчатского городского округа"", — отметили в ведомстве. По данным управления МЧС, в отдельных районах краевой столицы подземные толчки ощущались силой до двух баллов.











""Угроза цунами не объявлялась"", — резюмируется в сообщении.При этом в результате бедствия повредилось здание Северо-Курильской центральной районной больницы в Сахалинской области. В частности, там прорвало трубу отопления.Землетрясение, произошедшее в регионе 30 июля стало одним из крупнейших с 1900 года. Его магнитуда составила 8,8. С тех пор каждые сутки ученые фиксируют повторные подземные толчки. Большинство из них в населенных пунктах не ощущаются. При этом, по данным сейсмологов, интенсивность и мощность афтершоков постепенно снижаются.Планете грозит гибель: сотня тысяч землетрясений гремит под Йеллоустоуном6 декабря, 09:30


Поделиться

",05:29 08.12.2025,incidents
2060480113,https://ria.ru/20251208/proisshestviya-2060480113.html,В Хабаровском крае в лодочной бухте нашли тело подростка,В Советской Гавани в лодочной бухте нашли тело 13-летнего подростка,"ХАБАРОВСК, 8 дек - РИА Новости. Тело подростка нашли в лодочной бухте Советской Гавани Хабаровского края, предположительно, парень отправился рыбачить, сообщает прокуратура региона. Тело подростка обнаружили накануне в воскресенье утром, сообщает надзорное ведомство. Как уточняет краевой главк МЧС, городские спасатели извлекли подростка из воды и передали сотрудникам полиции. В Гольяновском пруду на востоке Москвы нашли останки ребенка16 ноября, 12:38


Поделиться

""В районе лодочного причала бухты Эгге в городе Советская Гавань обнаружен труп 13-летнего подростка. Рядом с телом ребенка находились рыболовецкие принадлежности... Накануне несовершеннолетний вместе со своим знакомым 1974 года рождения направились на рыбалку"", - сообщает региональная прокуратура в Telegram-канале. 











По данным ведомства, местонахождение мужчины до настоящего времени не установлено, организованы поиски. ""Советско-Гаванская городская прокуратура организовала проверку, в ходе которой даст оценку соблюдению законодательства о профилактике безнадзорности и правонарушений несовершеннолетних"", - добавляет прокуратура региона. Ход и результаты уголовного дела, возбужденного по статье 109 УК РФ (причинение смерти по неосторожности), поставлены на контроль надзорного ведомства.СК проверяет информацию о найденном на заборе в Перми теле девушки11 мая, 13:34


Поделиться

",05:28 08.12.2025,incidents
2060470363,https://ria.ru/20251208/sud-2060470363.html,Суд может конфисковать имущество экс-начальника НИИ ФСИН Быкова,Суд обязал рассмотреть вопрос о конфискации имущества экс-начальника НИИ ФСИН,"МОСКВА, 8 дек - РИА Новости. Второй кассационный суд общей юрисдикции обязал рассмотреть вопрос о конфискации имущества бывшего начальника НИИ ФСИН России генерал-майора внутренней службы Андрея Быкова, осужденного за взяточничество, сообщили РИА Новости в пресс-службе суда. Там отметили, что суд первой инстанции, вынося приговор, не рассмотрел соответствующий вопрос. Генерала Шамарина приговорили к семи годам колонии17 апреля, 12:56


Поделиться

""Судебная коллегия по уголовным делам Второго кассационного суда общей юрисдикции отменила приговор Головинского районного суда Москвы ... в части разрешения вопроса о конфискации имущества. Материалы дела в указанной части переданы на новое рассмотрение в тот же суд в ином составе, поскольку суд при постановлении приговора не разрешил вопрос о конфискации имущества, полученного осужденным в виде взяток"", - сказали в пресс-службе. 











Согласно законодательству, суд имеет право конфисковать у осужденных за коррупционные преступления имущество, которое они приобрели на незаконные доходы. В декабре 2023 года суд признал Быкова виновным по нескольким эпизодам получения взятки, злоупотреблении должностными полномочиями, незаконном приобретении и ношении оружия. По данным следствия, с апреля 2018 по апрель 2021 года Быков заключил 95 договоров о трудоустройстве в институт на должности вольнонаемных работников с действующими сотрудниками. Быков, осознавая, что сотрудники выполняют научные работы по основному месту службы, организовал предоставление ими отчетов о выполнении работ сверх этого ради дополнительных выплат. В результате НИИ понес ущерб на сумму свыше 40 миллионов рублей, следует из материалов дела. Как стало известно в ходе судебных разбирательств, сотрудники платили ему за допуск к комиссии, которая и определяла размер премий.Генпрокуратура подала второй иск о конфискации активов экс-главы ВС Адыгеи3 декабря, 20:44


Поделиться

",02:05 08.12.2025,incidents
2060467196,https://ria.ru/20251208/volgograd-2060467196.html,В Волгограде упали обломки БПЛА,"В Волгограде упали обломки БПЛА, предварительно, пострадавших нет","МОСКВА, 8 дек - РИА Новости. Обломки БПЛА упали в Волгограде, предварительно, пострадавших нет, на место ЧП направлены пожарные и медики, сообщил губернатор Андрей Бочаров.По его словам, ПВО ночью отражают террористическую атаку беспилотных летательных аппаратов на Волгоградскую область.""Сотрет в порошок"". На Западе забили тревогу из-за произошедшего в зоне СВО6 декабря, 20:38


Поделиться

""В Тракторозаводском районе Волгограда зафиксировано падение обломков БПЛА... Пожарные и медицинские службы, а также сотрудники муниципального образования оперативно направлены на место инцидента. Приведены в готовность пункты временного размещения"", - заявил Бочаров, чьи слова приводятся в сообщении в Telegram-канале администрации региона.











По предварительным данным, пострадавших нет.Интерактивная карта спецоперации Вооруженных сил России на Украине 22 июня 2022, 17:18


Поделиться

",00:36 08.12.2025,incidents
2060464554,https://ria.ru/20251207/podmoskove-2060464554.html,В Подмосковье завели уголовное дело после ДТП с грузовиком,"В Мытищах грузовик вылетел на встречку, погиб человек","МОСКВА, 7 дек - РИА Новости. Уголовное дело заведено по факту ДТП, в котором грузовик вылетел на встречную полосу и столкнулся с двумя машинами в Подмосковье, один человек погиб, четверо пострадали, сообщила начальник управления информации и общественных связей ГУ МВД России по Московской области Татьяна Петрова. Ранее в пресс-службе ГУ МВД по Московской области сообщали, что грузовик вылетел на встречку и столкнулся с двумя машинами в Подмосковье, в результате один человек погиб, четверо пострадали. Авария произошла днем в воскресенье на 35-м километре дороги А-104 в Мытищах. ""Возбуждено уголовное дело по признакам преступления, предусмотренного частью 3 статьи 264 ""Нарушение правил дорожного движения или эксплуатации транспортных средств, повлекшее по неосторожности смерть человека"" Уголовного кодекса Российской Федерации"", - сообщила Петрова.В Саратовской области ребенок и два взрослых погибли в ДТПВчера, 22:37


Поделиться

",23:50 07.12.2025,incidents
2060458144,https://ria.ru/20251207/politsiya-2060458144.html,В Саратове проверяют блогера после видео с ребенком в вакуумном пакете,Полиция в Саратове проверяет блогера после видео с ребенком в вакуумном пакете,"САРАТОВ, 7 дек - РИА Новости. Саратовские полицейские проводят проверку в отношении блогера Анны Сапариной после опубликования видеозаписи, где женщина откачивает воздух из герметичного пакета, внутри которого находится ребенок, сообщили РИА Новости в пресс-службе регионального ГУМВД. Сапарина опубликовала на своей странице в Instagram* (принадлежит Meta, деятельность которой запрещена в России как экстремистская) видеозапись, где с помощью пылесоса откачивает воздух из вакуумного пакета для вещей. При этом внутри пакета находится ребенок, который, когда остается мало воздуха, кричит: ""Мама"". Подпись на видео гласит: ""Когда шла 3 неделя на больничном"". В ГД предложили открыть горячую линию для проверки звонков из банков6 декабря, 20:04


Поделиться

""В ходе мониторинга сети интернет выявлена видеозапись, на которой запечатлены возможные противоправные действия женщины в отношении своего несовершеннолетнего сына. В сообщении указывается, это произошло в городе Саратове, а женщина снимала ролик для публикации в своих социальных сетях. Информация была зарегистрирована в установленном порядке. В настоящее время полицейские устанавливают местонахождение гражданки для выяснения всех обстоятельств инцидента"", - рассказали в ГУМВД. 











В главке заверили, что действиям блогера будет дана правовая оценка. Через несколько минут после того, как ГУМВД по Саратовской области опубликовало новость о проверке в Telegram-канале, Сапарина удалила пост.*Деятельность Meta (соцсети Facebook и Instagram) запрещена в России как экстремистская.В Дагестане проверяют косметолога после данных об осложнениях у клиенток5 декабря, 10:36


Поделиться

",22:18 07.12.2025,incidents
2060457513,https://ria.ru/20251207/ural-2060457513.html,На Урале пьяный водитель расплакался после проваленного теста на алкоголь,Пьяный водитель на Урале расплакался после проваленного теста на алкоголь,"ЕКАТЕРИНБУРГ, 7 дек – РИА Новости. Пьяный водитель в Алапаевском районе Свердловской области расчувствовался после того, как провалил тест на алкоголь, следует из видео, опубликованного пресс-службой Госавтоинспекции региона; при этом в ведомстве заявили, что данный случай – антирекорд недели. По данным ГАИ, ночью в воскресенье на 65-м километре автодороги Верхняя Синячиха – Махнево – Болотовское в Свердловской области наряд ДПС остановил автомобиль Chevrolet Lanos, где за рулем был 55-летний водитель. Автоинспекторы выявили у него признаки алкогольного опьянения. Спасатели подняли из Невы упавший с водителем и пассажиром автомобильВчера, 14:33


Поделиться

""Антирекорд недели: инспекторы ДПС пресекли грубейшее нарушение правил дорожного движения в Алапаевском районе… Мужчина подтвердил факт употребления алкогольных напитков и согласился пройти освидетельствование. Результат показал исключительно высокую концентрацию – 1,624 миллиграмм на литр паров этанола в выдыхаемом воздухе"", – рассказали в пресс-службе. 











В ведомстве уточнили, что такая концентрация соответствует тяжелой стадии опьянения, автомобиль задержанного поместили на спецстоянку. В отношении водителя составлен административный протокол за управление машиной в состоянии опьянения, ему грозит штраф 45 тысяч рублей и лишение прав до двух лет. ""Да пива просто выпил"", – сказал мужчина после того, как прошел тест в машине ДПС, а потом заплакал. ""В десять раз больше, получается. Больше десяти"", – комментируют при этом сотрудники Госавтоинспекции.В Кировской области подросток на квадроцикле сбил полицейскогоВчера, 18:08


Поделиться

",22:06 07.12.2025,incidents
2060447521,https://ria.ru/20251207/delo-2060447521.html,"В Воронеже возбудили дело после сообщений о физруке, совращавшего школьниц","В Воронеже возбудили дело после сообщений о физруке, который совращал школьниц","ВОРОНЕЖ, 7 дек - РИА Новости. СУ СК России по Воронежской области возбудило уголовное дело после сообщений о том, что учитель физкультуры школы №104 Воронежа совращал школьниц и спал с ними, сообщили РИА Новости в пресс-службе ведомства. Лидер движения ""Сдай педофила"" Анна Левченко сообщила, что ей поступила информация о развращении 15-летней девочки учителем физкультуры школы №104 Воронежа. Левченко уточнила, что он не стал это отрицать, девочка тоже подтвердила факт сексуальных контактов. По словам лидера движения, в здании СК физрук позвал свою жертву замуж. После ученики этой школы, в том числе мальчики, стали писать правозащитнице с жалобами на педагога. По информации Левченко, не менее пяти детей стали его жертвами только за последнее время. В Польше задержали сто подозреваемых в педофилии4 декабря, 10:42


Поделиться

""По данному факту возбуждено уголовное дело, в рамках расследования которого будут установлены все обстоятельства произошедшего"", - сообщили в СУ СК России по Воронежской области. 











В СК не уточнили, по какой именно статье возбуждено уголовное дело. Левченко сообщила в своей группе в соцсети ""ВКонтакте"", что дело возбуждено по статье 134 УК РФ (половое сношение с лицом, не достигшим шестнадцатилетнего возраста, совершенное лицом, достигшим восемнадцатилетнего возраста) и статье 135 УК РФ (совершение развратных действий без применения насилия лицом, достигшим восемнадцатилетнего возраста, в отношении лица, не достигшего шестнадцатилетнего возраста). Детский омбудсмен Воронежской области Ангелина Севергина сообщила, что взяла ситуацию на личный контроль.В Воронежской области обломки БПЛА повредили здание школы и крышу АЗС6 декабря, 09:45


Поделиться

",20:20 07.12.2025,incidents
2060444818,https://ria.ru/20251207/sud-2060444818.html,В Тюмени арестовали двух обвиняемых в убийстве перекупщика машин,Суд в Тюмени арестовал двух обвиняемых в убийстве и сожжении перекупщика машин,"ЕКАТЕРИНБУРГ, 7 дек – РИА Новости. Ленинский районный суд Тюмени арестовал двух обвиняемых в убийстве перекупщика машин, тело которого сожгли, сообщила объединенная пресс-служба судебной системы региона. По данным следствия, двое 23-летних мужчин нашли объявление о продаже автомобиля и в ночь на четверг под видом приезжих покупателей попросили владельца машины показать им иномарку. Во время осмотра один из них зарезал хозяина авто за рулем, тело перенесли на заднее сиденье уже своей машины, которая была не зарегистрирована и без номеров, выехали за город и подожгли ее. Автомобиль убитого вывезли в Екатеринбург и дали объявление о продаже. На Колыме двух рыбаков будут судить за незаконную переработку морепродуктовВчера, 09:03


Поделиться

Как уточняли в региональном главке МВД, фигуранты – ранее судимые жители Тюмени и Заводоуковска, по версии следствия, они совершили убийство владельца авто, чтобы завладеть его машиной. Один из них был задержан в Екатеринбурге при попытке продать похищенную машину, второго задержали в Тюмени в квартире у знакомой, где он пытался скрыться. 











""Суд арестовал двух мужчин, обвиняемых в убийстве перекупщика автомобилей. Ленинский районный суд Тюмени рассмотрел ходатайства следователя в отношении Максима Киприна и Олега Ильиных. Обвиняемые будут находиться в СИЗО по 3 февраля 2026 года"", – говорится в сообщении. Отмечается, что убийство было совершено ради иномарки Kia Optima. ""Ильиных в судебном заседании просил избрать ему меру пресечения в виде домашнего ареста, Киприн согласился с решением суда об избрании меры пресечения в виде ареста"", – добавили в пресс-службе.Полиция задержала калининградца, напавшего с пистолетом на офисВчера, 16:36


Поделиться

",19:45 07.12.2025,incidents
2060444009,https://ria.ru/20251207/merpetrov-2060444009.html,Устранением аварии на ТЭЦ-9 в Ангарске круглосуточно занимаются 50 человек,Мэр Петров: устранением аварии на ТЭЦ-9 в Ангарске постоянно заняты 50 человек,"ИРКУТСК, 7 дек - РИА Новости. Пятьдесят человек круглосуточно задействованы на устранении аварийной ситуации на ТЭЦ-9 в Ангарске, в понедельник к работе будут привлечены дополнительные силы, сообщает мэр города Сергей Петров. Аварийная ситуация на ТЭЦ-9 в Ангарске стала причиной понижения температуры в жилых домах и социальных объектах. В городе введен режим повышенной готовности. Были проведены оперативные совещания в мэрии и с министром жилищной политики и энергетики Иркутской области, в последнем совещании приняли участие представители прокуратуры, минэнерго, экстренных служб. Украинские власти сообщили о приостановке работы ТЭЦ в Херсонской области4 декабря, 12:50


Поделиться

""На устранении аварии в круглосуточном режиме задействованы 50 человек. С завтрашнего дня для форсирования работ будут дополнительно привлечены специалисты"", - написал Петров в Telegram-канале. 











Он отметил, что ведется запуск дополнительных котлоагрегатов. Это позволит повысить параметры подаваемого тепла. Управление образования ведет мониторинг температуры в детсадах, школах и учреждениях дополнительного образования. В зависимости от результатов, в понедельник будет принято решение о переводе школьников на дистанционное обучение.На Украине заявили о повреждении плотины Печенежского водохранилищаВчера, 17:52


Поделиться

",19:38 07.12.2025,incidents
2060443278,https://ria.ru/20251207/sneg-2060443278.html,В Перми авиарейсы задерживаются из-за снегопада ,В пермском аэропорту авиарейсы задерживаются из-за снегопада,"ПЕРМЬ, 7 дек - РИА Новости. Авиарейсы задерживаются в пермском аэропорту Большое Савино из-за метеоусловий, сообщила пресс-служба воздушной гавани. Согласно данным онлайн-табло аэропорта, в воскресенье днем из Перми с опозданием вылетели рейсы в Москву, Когалым, Наманган (Узбекистан) и Шарм-эль-Шейх (Египет). Отклонение от расписания составляло примерно от одного до трех часов. ""По метеоусловиям в аэропорту Пермь (Большое Савино) задерживаются рейсы. На запасной аэродром в Екатеринбург ушёл борт FV 5570 (из Шарм Эль Шейха - ред.) авиакомпании Россия"", - говорится в сообщении пресс-службы аэропорта. 





Уточняется, что пассажирам предоставляются услуги в соответствии с авиационными правилами. При этом службы аэропорта работают в штатном режиме и готовы к приёму и выпуску воздушных судов. 





В воскресенье в Перми наблюдается снегопад, температура воздуха составляет около минус 12 градусов.В семи аэропортах сняли ограничения на полетыВчера, 08:31


Поделиться

",19:31 07.12.2025,incidents
2060435579,https://ria.ru/20251207/dtp-2060435579.html,В Кировской области подросток на квадроцикле сбил полицейского,В Кировской области пьяный подросток на квадроцикле сбил полицейского,"НИЖНИЙ НОВГОРОД, 7 дек - РИА Новости. Сотрудник полиции пострадал при задержании пьяного подростка-водителя квадроцикла, сообщает МВД Кировской области. Шестого декабря около 23 часов экипаж дорожно-патрульной службы на дороге общего пользования в районе поселка Ганино в Кирове заметил двигавшийся квадроцикл. Требования об остановке водитель проигнорировал и попытался скрыться. В Новосибирской области два человека погибли в ДТПВчера, 07:03


Поделиться

""В районе деревни Елгаши водитель квадроцикла совершил столкновение с патрульным автомобилем. Затем продолжил движение и совершил наезд на инспектора ДПС, попытавшегося его остановить"", - говорится в сообщении. 











Нарушитель был задержан. Им оказался 17-летний учащийся одной из пригородных школ. По результатам медицинского освидетельствования установлено, что он находился в состоянии алкогольного опьянения. Водительских прав на управление квадроциклом не имел. ""Сотрудник полиции, пострадавший при исполнении служебных обязанностей, с различными травмами госпитализирован в медицинское учреждение. Проводится проверка, по результатам которой будет принято решение о привлечении несовершеннолетнего к установленной законом ответственности"", - подчеркивается в сообщении.Женщина, которую сбил мусоровоз в Улан-Удэ, умерла в больницеВчера, 09:21


Поделиться

",18:08 07.12.2025,incidents
2060435419,https://ria.ru/20251207/moskva-2060435419.html,"В Москве сотрудник ГАИ предотвратил ДТП, запрыгнув на ходу в грузовик",В Москве сотрудник ГАИ остановил грузовик с потерявшим сознание водителем,"МОСКВА, 7 дек — РИА Новости. В Москве сотрудник ГАИ предотвратил ДТП, заглушив движущийся грузовик с потерявшим сознание водителем, сообщила официальный представитель МВД Ирина Волк. «""Быстро оценив ситуацию, Павел Сметанин остановил патрульную машину, открыл дверь движущегося тягача и обнаружил, что водитель находится без сознания. Полицейский поднялся в кабину и остановил грузовик"", — рассказала она. В Ленинградской области сотрудники ГАИ изъяли более 120 литров суррогата29 сентября, 23:12


Поделиться

По словам Волк, инспектор находился на маршруте патрулирования на улице Академика Скрябина, когда заметил большегруз, двигавшийся по встречной полосе. «""Оперативные и решительные действия сотрудника Госавтоинспекции позволили предотвратить аварию, в которой могли пострадать водители других автомобилей и пешеходы"", — отметила представитель МВД.Она добавила, что на место происшествия немедленно вызвали скорую, но водитель, которому стало плохо за рулем, умер. В Смоленске пьяный водитель на BMW устроил ДТП и избил сотрудника ДПС28 ноября, 15:15


Поделиться

",18:05 07.12.2025,incidents
2060435052,https://ria.ru/20251207/tretyakovka-2060435052.html,Новая Третьяковка возобновила работу,Новая Третьяковка на Крымском валу возобновила работу,"МОСКВА, 7 дек - РИА Новости. Вход в здание Новой Третьяковской галереи на Крымском валу открылся в 16.30 мск, сообщили в пресс-службе галереи. Ранее в пресс-службе галереи сообщили, что здание Новой Третьяковки будет закрыто до 18.00 в воскресенье. ""UPD: Третьяковская галерея на Крымском Валу будет открыта для посещения с 16.30"", - говорится в обновленном сообщении в Telegram-канале галереи. 





В пресс-службе добавили, что посетители, которые были вынуждены прервать посещение выставок или купили билеты на сеансы в воскресенье, смогут сдать билеты или посетить выставки в любое удобное время в течение 14 дней.Вход в здание Третьяковской галереи на Крымском валу закрыли до 18:00Вчера, 15:51


Поделиться

",18:00 07.12.2025,incidents
2060432260,https://ria.ru/20251207/dtp-2060432260.html,"В Подмосковье грузовик вылетел на встречку, один человек погиб","В Мытищах грузовик вылетел на встречку, один человек погиб и 4 пострадали","МОСКВА, 7 дек — РИА Новости. В ДТП с грузовиком в Мытищах погиб человек, сообщили в пресс-службе главка МВД по Московской области.«""По предварительной информации, водитель, управляя грузовым автомобилем, допустил выезд на полосу встречного движения, где совершил столкновение с двумя легковыми автомашинами"", — говорится в релизе.Авария произошла днем в воскресенье на 35-м километре дороги А-104.





Также пострадали четыре человека, в том числе 15-летний подросток. Сотрудники ГАИ проводят проверку.В ДТП в Подмосковье погибли две 13-летние девочки29 мая, 00:28


Поделиться

",17:27 07.12.2025,incidents
2060429701,https://ria.ru/20251207/volgograd-2060429701.html,"Под Волгоградом остановили запуск электростанции, построенной для майнинга",Прокуратура Волгограда приостановила запуск электростанции майнинговой фирмы,"ВОЛГОГРАД, 7 дек - РИА Новости. Прокуратура Волгоградской области после жалоб местных жителей на шум приостановила запуск газопоршневой электростанции в Клетском районе, построенной фирмой, деятельность которой в сфере майнинговой инфраструктуры будет проверена, сообщила пресс-служба надзорного органа. По данным пресс-службы, прокуратура Волгоградской области проводит проверку после обращений жителей станицы Кременская с жалобами на работу газопоршневой электростанции компании ООО ""Симбайн М"", которая строится на арендованном участке. Отмечается, что при пусконаладочных работах оборудования возник сильный шум. ""В связи с чем работы на объекте с 18 ноября текущего года приостановлены до их устранения... Кроме того, прокуратурой Клетского района Волгоградской области в волгоградское отделение Центрального банка Российской Федерации направлена информация о необходимости контроля деятельности ООО ""Симбайн М"" в сфере майнинговой инфраструктуры"", - говорится в сообщении. 





Согласно открытым данным, ООО ""Симбайн М"" предоставляет услуги по размещению информации, занимается торговлей компьютерами и периферийными устройствами к ним, разработкой и продажей программного обеспечения и другим.У кочевого народа в Ленинградской области нашли майнинг-ферму25 ноября, 12:49


Поделиться

",16:52 07.12.2025,incidents
2060428623,https://ria.ru/20251207/politsiya-2060428623.html,"Полиция задержала калининградца, напавшего с пистолетом на офис","Полиция задержала калининградца, который напал на офис и вынес 1,8 млн руб","КАЛИНИНГРАД, 7 дек – РИА Новости. Полиция задержала калининградца, напавшего с пистолетом на офис молочного предприятия и забравшего из бухгалтерии 1,8 миллиона рублей, сообщила спецпредставитель МВД Ирина Волк. Предварительно установлено, что 39-летний злоумышленник, ранее работавший на данном предприятии, проник на территорию оптового склада и, спрятав лицо под маской, подошел к сотруднице, идущей в бухгалтерию. Угрожая расправой, велел отвести его в офис, и там распылил перцовый баллончик в сторону женщины и ее коллег. Далее, угрожая им предметом, похожим на пистолет, он потребовал передать деньги. Один обвиняемый в нападении на супружескую пару в Москве признал вину6 декабря, 17:03


Поделиться

""Опасаясь за свою жизнь и здоровье, сотрудницы отдали злоумышленнику свыше 1 миллиона 800 тысяч рублей, принадлежащих компании, после чего он скрылся… Личность и местонахождение фигуранта были установлены полицейскими в считанные часы. Он был задержан при силовой поддержке СОБР Росгвардии. У него изъята часть похищенных денежных средств в размере 780 тысяч рублей"", - написала Волк в своем Telegram-канале. 











Отмечается, что со слов задержанного, использовавшийся им пневматический пистолет он выбросил на улице. Местонахождение остальных купюр и орудия преступления устанавливается. Следователем ОМВД России ""Гурьевский"" возбуждено уголовное дело по признакам преступления, предусмотренного пункту ""б"" части 4 статьи 162 УК РФ. Мужчина помещен в изолятор временного содержания. Решается вопрос об избрании ему меры пресечения.В Екатеринбурге суд вынес приговор отцу фигуристки, напавшему на судью5 декабря, 21:35


Поделиться

",16:36 07.12.2025,incidents
2060428465,https://ria.ru/20251207/khurgada-2060428465.html,На Урале начали проверку из-за задержки авиарейсов в Хургаду,Прокуратура начала проверку из-за задержки 2 рейсов из Екатеринбурга в Хургаду,"ЕКАТЕРИНБУРГ, 7 дек – РИА Новости. Уральская транспортная прокуратура начала проверку из-за задержек двух авиарейсов из Екатеринбурга в египетский город Хургада, сообщили РИА Новости в пресс-службе надзорного органа. «""Уральской транспортной прокуратурой проводятся надзорные мероприятия в связи с задержкой авиарейсов в Хургаду. Сегодня из-за позднего прибытия воздушных судов в аэропорту ""Кольцово"" города Екатеринбурга задержаны к вылету два рейса авиакомпании Almasria Universal Airlines в Хургаду"", – рассказали в прокуратуре. Самолет из Новосибирска не смог приземлиться в Магадане из-за метели5 декабря, 03:58


Поделиться

В пресс-службе уточнили, что речь идет о рейсах UJ-724 и UJ-724D. Судя по онлайн-табло ""Кольцово"", задержанные рейсы должны были отправиться в 6.35 мск и 7.40 мск, но при этом, исходя из данных онлайн-табло, планируемое время вылета одного из задержанных рейсов – в воскресенье в 19.45 мск, а второй рейс отменен. 











""По решению авиакомпании из-за сложных метеоусловий в аэропорту ""Кольцово"" воздушные судна ушли на запасной аэродром города Челябинска"", – подчеркнули в прокуратуре. Прибывшие в аэропорт пассажиры обеспечиваются напитками, им будет предоставлено горячее питание, добавили в надзорном органе, в настоящее время воздушная гавань работает в штатном режиме. В воскресенье столицу Урала и Свердловскую область накрыл сильный снегопад. Также ранее региональная Госавтоинспекция в связи с ухудшением погодных условий призывала водителей к повышенной бдительности.Ваш браузер не поддерживает данный формат видео.Видео проигрыватель is loading.Воспроизвести видеоВоспроизвестиБез звукаТекущее время 0:00/Продолжительность -:-Загрузка: 0%Тип потока В ЭФИРЕSeek to live, currently behind liveВ ЭФИРЕОставшееся время -0:00 1xСкорость воспроизведенияГлавыГлавыОписанияОтключить описания, выбраноСубтитрынастройки субтитров, откроется диалог настройки субтитровСубтитры выкл., выбраноЗвуковая дорожкаPicture-in-PictureHDSDLOWSDПолноэкранный режимПолучить кодThis is a modal window.Начало диалоговго окна. Кнопка Escape закроет или отменит окноТекстColorБелыйЧерныйКрасныйЗеленыйСинийЖелтыйПурпурныйГолубойTransparencyПрозрачностьПолупрозрачныйФонColorЧерныйБелыйКрасныйЗеленыйСинийЖелтыйПурпурныйГолубойTransparencyПрозрачностьПолупрозрачныйПрозрачныйОкноColorЧерныйБелыйКрасныйЗеленыйСинийЖелтыйПурпурныйГолубойTransparencyПрозрачныйПолупрозрачныйПрозрачностьРазмер шрифта50%75%100%125%150%175%200%300%400%Стиль края текстаНичегоПоднятыйПониженныйОдинаковыйТеньШрифтПропорциональный без засечекМоноширинный без засечекПропорциональный с засечкамиМоноширинный с засечкамиСлучайныйПисьменныйМалые прописныеСбросить сбросить все найстройки по умолчаниюГотовоЗакрыть модальное окноКонец диалогового окна.Снежный апокалипсис в Шерегеше: стихия парализовала курорт0:07Закрыть модальное окноThis is a modal window. Модальное окно можно закрыть нажав Esc или кнопку закрытия окна.Закрыть модальное окноThis is a modal window. Модальное окно можно закрыть нажав Esc или кнопку закрытия окна.",16:36 07.12.2025,incidents
2060423210,https://ria.ru/20251207/yamal-2060423210.html,На Ямале 15 человек эвакуировались из горящего здания,"На Ямале 15 человек эвакуировались из горящего здания,  где находятся магазины","ЕКАТЕРИНБУРГ, 7 дек – РИА Новости. Пятнадцать посетителей и сотрудников самостоятельно эвакуировались из горящего в поселке городского типа Уренгой (ЯНАО) здания, где расположено несколько магазинов, сообщила пресс-служба регионального главка МЧС. ""По уточненной информации, на момент прибытия площадь возгорания составляла более 200 квадратных метров, что говорит о позднем сообщении в пожарную часть. Самостоятельно эвакуировались 15 посетителей и работников магазина"", – сообщили в ведомстве. В Уссурийске при пожаре в жилом доме пострадали трое детейВчера, 05:57


Поделиться

На месте происшествия работают 36 человек и девять единиц техники, добавили в пресс-службе. 











Ранее в ведомстве уточняли, что в 10.55 мск в пожарную часть поселка городского типа Уренгой поступила информация о возгорании магазина, расположенного в первом микрорайоне. Площадь пожара ориентировочно составляла 500 квадратных метров. Судя по снимкам, опубликованным ГУ МЧС, горит, в частности, магазин ""Монетка"". Позднее в главке сообщили, что произошло частичное обрушение кровли здания, где расположены несколько магазинов, тушение пожара продолжается. Информация о погибших и пострадавших не поступала, подчеркивали в пресс-службе.В Вологде один человек погиб и семеро пострадали при пожаре 6 декабря, 23:26


Поделиться

",15:57 07.12.2025,incidents
2060418990,https://ria.ru/20251207/pozhar-2060418990.html,"На Ямале загорелось здание, где находятся несколько магазинов","В Уренгое обрушилась крыша в горящем здании, где расположены магазины","ЕКАТЕРИНБУРГ, 7 дек – РИА Новости. Кровля обрушилась в горящем здании, где расположено несколько магазинов, в поселке городского типа Уренгой в Ямало-Ненецком автономном округе, сообщила пресс-служба регионального главка МЧС. ""Произошло частичное обрушение кровли здания, где расположены несколько магазинов. Тушение пожара продолжается"", – говорится в сообщении. Ранее в ведомстве уточняли, что в 10.55 мск в пожарную часть поселка городского типа Уренгой поступила информация о возгорании магазина, расположенного в первом микрорайоне. Площадь пожара ориентировочно составляла 500 квадратных метров. 





Судя по снимкам, опубликованным главным управлением МЧС, пожар случился в магазине ""Монетка"". Информации о погибших и пострадавших не поступало, подчеркивали в пресс-службе.Здание горящего в Подмосковье склада частично обрушилось2 марта, 08:45


Поделиться

",15:21 07.12.2025,incidents
2060418177,https://ria.ru/20251207/dron-2060418177.html,В Белгородской области при атаке дрона ВСУ пострадал мирный житель,В поселке Борисовка в Белгородской области мужчина пострадал при атаке дрона ВСУ,"БЕЛГОРОД, 7 дек — РИА Новости. В Белгородской области при атаке украинского дрона пострадал мужчина, сообщил губернатор Белгородской области Вячеслав Гладков.«""В поселке Борисовка Борисовского округа дрон ВСУ ударил по территории коммерческого объекта. Ранен мирный житель. В Борисовскую ЦРБ доставлен мужчина, получивший минно-взрывную травму и осколочные ранения, — написал он в Telegram-канале. Затем его доставят в городскую больницу № 2 Белгорода. Также в результате детонации повреждены навес здания и автомобиль.





ВСУ ежедневно атакуют приграничные регионы. С августа 2024 года в Белгородской области ввели режим контртеррористической операции, обстановку там признали чрезвычайной ситуацией федерального характера.





ВС России в ответ наносят удары высокоточным оружием воздушного, морского и наземного базирования, а также дронами исключительно по военным объектам и предприятиям украинского ВПК.Интерактивная карта спецоперации Вооруженных сил России на Украине 22 июня 2022, 17:18


Поделиться

",15:09 07.12.2025,incidents
2060404925,https://ria.ru/20251207/moskva-2060404925.html,В Москве выясняют причины гибели пациентки после двух пластических операций,РИА Новости: Росздравнадзор выясняет причины смерти пациентки после 2 пластик,"МОСКВА, 7 дек — РИА Новости. Росздравнадзор по Москве и Подмосковью выясняет причины гибели пациентки в столичной частной клинике пластической хирургии после проведения двух операций, сообщили РИА Новости в пресс-службе ведомства. Ранее Telegram-канал 112 писал, что в московской частной клинике пластической хирургии в Скатертном переулке умерла пациентка. По данным канала, 50-летней женщине в субботу провели операцию по уменьшению груди и коррекции живота, в воскресенье утром ей стало плохо, врачи не смогли спасти пациентку. Предварительная причина смерти — аспирация. ""Территориальный орган Росздравнадзора по Москве и Московской области выясняет причины гибели пациентки в частной клинике пластической хирургии"", — сообщили в пресс-службе.В Подмосковье женщина умерла после пластической операции4 июля, 09:13


Поделиться

",13:00 07.12.2025,incidents
2060398523,https://ria.ru/20251207/angarsk-2060398523.html,В Ангарске ввели режим повышенной готовности из-за аварии на ТЭЦ,В Ангарске ввели режим повышенной готовности из-за выхода из строя котла на ТЭЦ,"ИРКУТСК, 7 дек - РИА Новости. Режим повышенной готовности ввели в Ангарске из-за аварии на ТЭЦ-9, где вышел из строя один из котлов, сообщает мэр города Сергей Петров. В мэрии Ангарска прошло экстренное совещание в связи со сложившейся в городе ситуацией с подачей тепла. «""Аварийная ситуация на ТЭЦ-9 стала причиной понижения температуры подаваемого тепла в жилые дома и социальные объекты. В Ангарском округе введен режим повышенной готовности"", - написал Петров в Telegram-канале. Он отметил, что снижение параметров подаваемого тепла связано с выходом из строя второго котла. Специалисты работают над устранением дефектов. Ремонт продлится до 11 декабря. На это время планируется задействовать третий котел. После его ввода в рабочий режим, температура должна подняться.В Якутске восстановили теплоснабжение после аварии с мусоровозом1 декабря, 16:26


Поделиться

",11:59 07.12.2025,incidents
